{
    "gui": false, 
    "name": "Xilinx AES256CBC Decryption Benchmark", 
    "description": "AES256 in CBC Mode Decryption Benchmark", 
    "flow": "vitis", 
    "platform_type": "", 
    "platform_allowlist": [
        "u250", 
        "u50", 
        "aws-vu9p-f1"
    ], 
    "platform_blocklist": [
        "zc"
    ], 
    "platform_properties": {
        "u250": {
            "host": {
                "compiler": {
                    "symbols": [
                        "USE_DDR"
                    ]
                }
            }, 
            "v++": {
                "compiler": {
                    "clflags": [
                        "--config PROJECT/conn_u250.cfg"
                    ]
                }
            }
        }, 
        "u50": {
            "host": {
                "compiler": {
                    "symbols": [
                        "USE_HBM"
                    ]
                }
            }, 
            "v++": {
                "compiler": {
                    "clflags": [
                        "--config PROJECT/conn_u50.cfg"
                    ]
                }
            }
        }, 
        "vck190": {
            "host": {
                "linker": {
                    "librarypaths": [
                        "$(SYSROOT)/usr/lib", 
                        "${SYSROOT}/opt/xilinx/xrt/lib"
                    ]
                }, 
                "compiler": {
                    "includepaths": [
                        "$(SYSROOT)/usr/include"
                    ], 
                    "options": "--sysroot=$(SYSROOT)"
                }
            }
        }
    }, 
    "launch": [
        {
            "cmd_args": " -mode fpga -xclbin BUILD/aes256CbcDecryptKernel.xclbin -len 1024 -num 16 -gld PROJECT/data/gld.dat", 
            "name": "generic launch for all flows"
        }
    ],
    "data": [
        "PROJECT/data/gld.dat"
    ],
    "host": {
        "host_exe": "aes256CbcDecryptBenchmark.exe", 
        "compiler": {
            "sources": [
                "host/main.cpp", 
                "LIB_DIR/ext/xcl2/xcl2.cpp"
            ], 
            "includepaths": [
                "LIB_DIR/L1/include", 
                "host", 
                "kernel", 
                "LIB_DIR/ext/xcl2",
                "LIB_DIR/../utils/L1/include"
            ], 
            "options": "-O3"
        }
    }, 
    "v++": {
        "compiler": {
            "includepaths": [
                "LIB_DIR/L1/include", 
                "kernel"
            ]
        }
    }, 
    "containers": [
        {
            "accelerators": [
                {
                    "location": "kernel/aes256CbcDecryptKernel.cpp", 
                    "frequency": 300.0, 
                    "name": "aes256CbcDecryptKernel", 
                    "num_compute_units": 1, 
                    "compute_units": [
                        {
                            "name": "aes256CbcDecryptKernel", 
                            "slr": "SLR0", 
                            "arguments": [
                                {
                                    "name": "inputData", 
                                    "memory": "DDR[0]"
                                }, 
                                {
                                    "name": "outputData", 
                                    "memory": "DDR[1]"
                                }
                            ]
                        }
                    ]
                }
            ], 
            "frequency": 300.0, 
            "name": "aes256CbcDecryptKernel"
        }
    ], 
    "testinfo": {
        "disable": false, 
        "jobs": [
            {
                "index": 0, 
                "dependency": [], 
                "env": "", 
                "cmd": "", 
                "max_memory_MB": {
                    "vitis_hw_build": 40960, 
                    "vitis_hw_emu": 28672, 
                    "vitis_sw_emu": 10240, 
                    "vitis_hw_run": 10240
                }, 
                "max_time_min": {
                    "vitis_hw_build": 470, 
                    "vitis_hw_emu": 460, 
                    "vitis_sw_emu": 60, 
                    "vitis_hw_run": 10
                }
            }
        ], 
        "targets": [
            "vitis_sw_emu", 
            "vitis_hw_emu", 
            "vitis_hw_run"
        ], 
        "category": "canary"
    }
}
