{
    "gui": false,
    "name": "Xilinx AES256CBC Encryption SC Benchmark",
    "description": "AES256 CBC Mode Encryption Benchmark with System Compiler",
    "flow": "vitis",
    "platform_type": "",
    "platform_allowlist": [
        "u250",
        "u200"
    ],
    "platform_blocklist": [
        "xilinx_u250_xdma_201830_2",
        "xilinx_u200_xdma_201830_2",
        "zc",
        "aws-vu9p-f1"
    ],
    "launch": [
        {
            "cmd_args": "-len 1024 -num 16 -gld LIB_DIR/L1/benchmarks/aes256CbcEncrypt_sc/data/gld.dat", 
            "name": "generic launch for all flows"
        }
    ], 
    "host": {
        "host_exe": "host.exe", 
        "compiler": {
            "sources": [
                "host/main.cpp"
            ], 
            "includepaths": [
                "LIB_DIR/L1/include",
                "kernel"
            ],
            "options": "-O3"
        }
    }, 
    "v++": {
        "compiler": {
            "includepaths": [
                "LIB_DIR/L1/include", 
                "kernel",
                "host"
            ]
        }
    }, 
    "containers": [
        {
            "accelerators": [
                {
                    "location": "kernel/aes256CbcEncrypt_acc.cpp", 
                    "frequency": 300.0, 
                    "name": "hls_kernel"
                }
            ], 
            "frequency": 300.0, 
            "name": "hls_kernel"
        }
    ], 
    "testinfo": {
        "disable": false,
        "jobs": [
            {
                "index": 0,
                "dependency": [],
                "env": "",
                "cmd": "",
                "max_memory_MB": {
                    "vitis_hw_build": 40960,
                    "vitis_hw_emu": 28672,
                    "vitis_sw_emu": 10240,
                    "vitis_hw_run": 10240
                },
                "max_time_min": {
                    "vitis_hw_build": 470,
                    "vitis_hw_emu": 470,
                    "vitis_sw_emu": 60,
                    "vitis_hw_run": 10
                }
            }
        ],
        "targets": [
            "vitis_sw_emu",
            "vitis_hw_emu",
            "vitis_hw_build",
            "vitis_hw_run"
        ],
        "category": "canary"
    }
}
